order_id,customer_id,restaurant_id,order_item,order_date,order_time,order_status,quantity,total_amount
5545,5,9,Fish Fry,2023-10-25,23:46:50,completed,1,177
8888,17,44,Paneer Roll,2024-02-18,07:27:41,completed,1,248
5137,28,27,Pav Bhaji,2023-09-01,23:29:31,completed,1,271
4420,15,4,Pav Bhaji,2024-02-01,21:20:00,completed,1,252
9608,2,48,Naan,2024-02-02,09:58:15,completed,1,105
781,7,2,Rava Idli,2024-02-07,07:37:51,completed,1,173
6885,16,7,Rava Idli,2023-10-31,17:53:03,in_process,1,171
9181,5,50,Chicken Momos,2024-02-10,10:40:28,completed,1,152
9282,3,25,Egg Curry,2023-08-03,11:03:58,returned,1,174
8910,28,5,Mutton Curry,2023-07-29,08:18:54,completed,1,331
9716,27,15,Veg 65,2023-07-06,21:24:29,returned,2,429
7089,7,22,Rasgulla,2023-07-14,21:33:21,completed,1,94
5201,5,38,Veg Burger,2023-10-08,11:40:32,completed,1,349
6126,29,12,Tandoori Chicken,2023-09-09,08:03:08,completed,1,306
5446,23,20,Tandoori Momos,2024-04-03,11:09:30,completed,1,286
6158,1,34,Tandoori Momos,2023-09-13,08:15:32,returned,1,245
4233,28,23,Aloo Paratha,2023-10-11,13:50:04,completed,1,286
4432,30,39,Cold Coffee,2023-12-17,17:39:19,completed,1,219
4568,3,32,Naan,2023-07-02,14:44:14,completed,1,158
1018,22,48,Dhokla,2023-10-14,19:11:52,delivered,1,258
2182,23,2,Paneer Roll,2023-08-28,11:18:28,completed,1,304
2068,24,3,Chicken Biryani,2023-10-10,13:18:11,completed,1,250
3065,22,36,Tandoori Chicken,2023-09-30,13:01:11,in_process,2,468
8470,9,25,Rasgulla,2023-08-26,17:59:13,completed,1,140
5530,11,34,Onion Uttapam,2024-02-08,09:07:09,preparing,1,145
4847,13,35,Dhokla,2024-01-08,17:38:27,delivered,1,254
5064,13,35,Vada Pav,2023-09-15,17:15:03,completed,1,235
5266,32,14,Prawn Curry,2023-08-11,22:50:42,completed,1,403
7146,24,32,Veg Fried Rice,2024-02-23,12:20:45,completed,1,389
4273,32,31,Pav Bhaji,2024-01-22,08:13:14,preparing,1,209
4668,26,14,Puri Sabji,2024-02-03,19:36:10,preparing,1,314
4210,6,9,Grilled Sandwich,2023-08-13,16:28:33,completed,1,190
4543,22,28,Kesari Bath,2024-02-25,20:26:23,returned,1,252
8352,2,12,Kesari Bath,2023-10-28,15:41:04,completed,1,268
7258,6,18,Naan,2023-08-20,10:04:23,completed,1,122
7999,22,17,Puri Sabji,2023-11-18,13:45:38,delivered,3,868
861,17,1,Chicken Burger,2023-12-01,16:52:22,returned,1,288
783,1,31,Rasgulla,2024-03-19,11:55:25,completed,1,119
1084,31,15,Veg Fried Rice,2024-02-25,21:21:50,completed,1,352
3636,27,14,Kesari Bath,2024-02-16,07:23:08,completed,1,298
4913,1,32,Onion Uttapam,2023-12-29,17:14:26,completed,1,218
9188,20,21,Tandoori Momos,2023-07-12,08:59:08,completed,2,540
4100,26,25,Schezwan Rice,2024-01-17,09:34:24,completed,1,200
4763,29,41,Pani Puri,2023-12-03,09:10:06,completed,1,336
5572,32,2,Dal Tadka,2023-10-10,09:58:24,completed,1,325
2223,5,30,Idli Sambhar,2024-01-05,23:00:10,completed,2,350
1102,11,8,Veg Manchurian,2024-03-31,20:30:47,completed,2,572
1276,9,14,Puri Sabji,2024-02-07,22:10:38,completed,1,269
1621,30,18,Aloo Paratha,2023-07-04,11:28:04,in_process,1,229
1461,22,37,Dahi Vada,2024-03-08,21:29:36,completed,1,332
2914,30,23,Cold Coffee,2023-11-30,19:39:52,returned,1,192
4143,12,40,Prawn Curry,2024-02-07,21:24:58,completed,1,366
7420,26,45,Masala Dosa,2023-10-31,12:17:56,completed,1,84
2502,14,32,Upma,2023-09-01,18:04:48,completed,1,218
529,27,29,Kadhai Paneer,2023-11-07,13:32:02,completed,1,230
1655,30,25,Veg Thali,2024-01-21,13:25:02,completed,1,280
2501,21,43,Vegetable Sandwich,2024-02-23,22:29:04,completed,1,278
8499,29,9,Rava Idli,2023-11-20,12:10:53,completed,1,178
1806,8,35,Vegetable Sandwich,2024-01-17,12:04:42,cancelled,1,206
1778,29,23,Dal Tadka,2023-10-19,08:57:43,completed,1,247
7870,7,25,Cold Coffee,2023-12-05,21:03:38,completed,1,259
7787,13,16,Hyderabadi Biryani,2023-10-31,13:05:01,completed,3,1181
3126,13,44,Gulab Jamun,2023-08-02,14:56:06,returned,1,188
5529,11,3,Upma,2024-03-19,10:52:20,completed,1,256
6826,14,35,Khaman,2024-02-05,10:14:13,completed,1,230
7724,26,42,Egg Curry,2023-07-07,19:13:29,completed,1,131
4851,24,3,Chole Bhature,2023-10-20,20:19:49,completed,3,599
8481,11,17,Mutton Curry,2023-12-14,19:43:59,delivered,1,277
490,12,41,Grilled Sandwich,2023-12-10,22:04:21,completed,2,339
4414,25,33,Appam Stew,2023-10-28,23:37:45,delivered,1,194
5979,8,20,Tandoori Chicken,2024-02-05,14:39:05,completed,1,260
2400,13,10,Dhokla,2023-10-13,08:15:59,cancelled,3,843
8978,22,9,Pav Bhaji,2023-12-10,08:33:50,delivered,1,215
610,2,15,Chicken 65,2023-12-17,17:15:13,completed,2,787
4209,16,44,Cold Coffee,2023-10-22,19:33:20,completed,1,169
1174,32,5,Aloo Paratha,2023-07-27,11:13:08,completed,1,224
7166,16,33,Veg Pulao,2024-02-04,21:19:10,cancelled,1,169
741,16,20,Vada Pav,2024-02-15,13:17:55,returned,1,265
3429,26,25,Kadhai Paneer,2024-02-27,21:27:32,completed,1,161
3233,31,2,Grilled Sandwich,2024-01-12,20:54:05,cancelled,2,358
8415,10,36,Prawn Curry,2023-09-28,15:24:29,completed,1,425
8551,31,5,Veg Thali,2023-09-08,22:12:09,preparing,1,327
6440,24,32,Khaman,2024-01-29,19:47:23,completed,1,304
3067,5,27,Dahi Vada,2023-07-20,10:24:59,completed,1,305
1685,17,50,Grilled Sandwich,2023-12-26,23:45:31,completed,1,138
8257,25,28,Vegetable Sandwich,2023-11-04,14:30:02,preparing,1,277
1434,2,45,Gulab Jamun,2023-09-14,15:38:29,delivered,1,198
6116,11,1,Fried Rice,2023-08-17,19:25:45,completed,2,378
8654,13,28,Kadhai Paneer,2024-02-04,15:44:19,completed,1,190
3776,20,47,Upma,2023-08-15,10:40:36,cancelled,1,195
3923,18,48,Schezwan Rice,2024-01-20,16:00:10,returned,1,136
9711,27,34,Upma,2023-11-25,20:10:11,completed,1,202
7557,32,12,Rajma Chawal,2023-08-26,21:36:52,completed,1,225
6784,12,49,Aloo Paratha,2023-11-10,20:28:40,preparing,1,279
2738,11,6,Vada Pav,2023-08-13,19:07:17,completed,1,249
810,31,32,Ice Cream,2023-08-21,07:03:17,cancelled,1,168
9199,3,7,Schezwan Rice,2024-03-24,07:24:38,completed,2,310
6228,32,31,Grilled Sandwich,2023-12-20,20:21:23,completed,1,171
6970,16,24,Gulab Jamun,2024-01-21,19:39:03,delivered,1,179
2970,1,30,Veg 65,2024-01-22,11:01:38,completed,1,254
972,16,24,Kesari Bath,2024-02-29,23:26:42,completed,3,693
9331,2,41,Hyderabadi Biryani,2023-07-24,17:43:28,completed,1,460
3658,6,23,Poha,2024-02-29,10:46:24,completed,1,144
7608,3,9,Butter Chicken,2023-08-14,16:53:43,delivered,3,702
9061,11,29,Fried Rice,2024-03-03,14:15:13,completed,2,401
5095,6,7,Poha,2023-07-15,12:59:59,completed,1,161
1740,15,47,Fish Fry,2024-02-29,10:42:08,preparing,1,237
4068,6,45,Veg Thali,2023-10-23,09:41:21,completed,1,357
3116,25,42,Rasgulla,2024-02-09,14:14:16,completed,1,104
1501,22,48,Tandoori Momos,2023-10-05,10:36:23,completed,1,287
6277,1,20,Idli Sambhar,2024-03-31,13:54:24,delivered,1,186
7622,9,34,Gulab Jamun,2023-10-22,10:25:00,completed,1,185
5899,19,15,Butter Chicken,2024-02-19,11:38:18,completed,1,290
6844,3,39,Egg Curry,2023-12-06,23:44:07,completed,1,169
328,31,41,Ghee Roast,2023-10-19,22:18:45,delivered,1,152
8688,10,46,Schezwan Rice,2023-10-24,08:59:55,cancelled,1,221
8165,26,20,Tomato Uttapam,2023-09-20,07:35:25,completed,1,230
506,26,26,Chole Bhature,2024-03-27,16:18:44,preparing,1,252
4853,26,7,Veg Manchurian,2023-12-13,08:54:59,cancelled,1,283
270,9,29,Cold Coffee,2024-03-04,16:57:09,completed,1,186
9855,1,24,Prawn Curry,2023-08-22,11:24:27,completed,1,361
5613,7,23,Rava Idli,2023-09-30,08:07:32,completed,1,160
5773,26,16,Masala Dosa,2023-08-30,14:25:31,completed,1,98
8523,25,50,Cold Coffee,2023-08-15,21:55:52,completed,1,244
1596,29,24,Paneer Butter Masala,2023-08-31,10:05:07,completed,1,348
4864,15,2,Tandoori Momos,2024-03-02,15:44:47,completed,1,288
9990,31,42,Cold Coffee,2024-02-08,16:36:08,completed,1,229
4293,12,26,Tomato Uttapam,2023-07-11,19:35:52,completed,1,248
5726,5,34,Ghee Roast,2024-04-01,10:48:48,completed,1,125
2884,12,39,Cold Coffee,2023-10-01,07:35:28,returned,1,177
617,14,42,Kadhai Paneer,2023-08-14,15:54:48,completed,3,530
7295,20,24,Chicken Roll,2023-09-26,20:42:00,completed,1,294
425,19,43,Chicken Roll,2024-02-13,11:36:31,completed,1,273
1262,14,45,Mutton Curry,2023-07-23,14:02:12,completed,1,262
4589,9,39,Paneer Roll,2023-10-19,18:17:08,cancelled,1,277
978,17,17,Dhokla,2023-09-22,19:29:05,delivered,1,337
2198,10,35,Schezwan Rice,2023-08-06,15:40:44,completed,1,200
7648,11,27,Tomato Uttapam,2023-09-17,17:50:27,completed,2,423
1344,5,18,Fried Rice,2024-03-29,10:43:35,completed,1,157
3757,24,22,Chicken Burger,2023-11-17,11:55:51,completed,1,285
3109,15,25,Mutton Curry,2023-09-02,12:33:46,in_process,1,297
8896,7,34,Chicken Thali,2023-11-22,15:38:06,preparing,1,266
5511,25,12,Chicken Thali,2024-03-29,19:30:37,completed,1,235
4490,10,43,Veg Manchurian,2023-09-12,19:36:47,completed,2,627
2126,24,46,Chicken Burger,2023-11-05,20:45:29,completed,3,810
3598,19,18,Poha,2024-03-23,14:19:40,in_process,2,324
8048,21,6,Appam Stew,2023-08-10,09:46:15,delivered,1,123
8779,6,48,Vada Pav,2024-03-09,07:27:43,completed,1,280
7997,32,33,Ice Cream,2024-03-29,10:25:00,completed,2,303
465,1,46,Poha,2024-03-30,18:15:47,completed,2,339
5395,3,39,Kesari Bath,2023-09-25,23:57:14,completed,1,221
1704,23,4,Poha,2024-03-10,19:10:23,delivered,1,212
108,16,35,Chicken 65,2023-08-30,16:19:30,completed,1,435
519,26,14,Puri Sabji,2024-03-20,08:59:29,preparing,1,251
5569,23,1,Veg Momos,2024-02-21,17:19:22,completed,1,268
1752,12,26,Chicken Thali,2023-07-05,10:27:31,completed,1,189
9210,27,8,Butter Chicken,2023-07-04,11:49:42,completed,1,248
2398,20,24,Poha,2023-10-02,15:06:28,completed,1,143
9786,23,48,Poha,2023-07-03,18:56:55,cancelled,1,162
8875,3,9,Khaman,2024-02-01,17:57:02,completed,1,290
7726,18,8,Upma,2024-03-07,22:51:43,cancelled,1,274
1671,26,33,Prawn Curry,2024-01-16,11:07:06,returned,1,398
5573,1,50,Ice Cream,2023-10-30,08:43:53,completed,3,416
8223,1,28,Rava Idli,2023-11-26,16:31:05,cancelled,1,160
5237,12,16,Pav Bhaji,2023-08-28,15:44:15,completed,1,239
6686,7,45,Prawn Curry,2024-03-14,12:12:54,completed,1,383
7408,8,9,Khaman,2023-07-20,15:12:59,completed,1,254
2792,6,4,Dhokla,2024-01-25,23:19:44,completed,1,292
3523,28,31,Idli Sambhar,2024-03-18,20:41:03,completed,1,175
414,23,46,Upma,2023-11-04,17:57:03,completed,1,261
8085,21,14,Vada Pav,2024-02-27,15:58:38,completed,1,281
6244,24,22,Puri Sabji,2023-08-27,10:42:00,completed,1,260
4626,22,24,Vegetable Sandwich,2024-01-02,23:38:23,completed,1,261
2643,25,6,Dahi Vada,2023-08-24,11:40:47,completed,1,333
7890,13,13,Chicken Korma,2024-02-14,10:04:34,completed,1,348
1767,13,35,Prawn Curry,2023-09-17,08:08:12,completed,1,451
1002,23,24,Kesari Bath,2023-08-30,20:04:30,completed,2,492
4800,2,11,Chicken Momos,2023-11-18,11:18:02,delivered,1,233
4357,13,48,Tomato Uttapam,2024-01-20,22:43:34,in_process,2,413
5372,29,49,Rajma Chawal,2024-01-13,19:25:38,completed,1,150
2976,14,38,Cold Coffee,2023-07-05,23:29:32,cancelled,1,199
8643,15,19,Chicken Korma,2023-11-15,10:10:14,completed,1,293
6830,10,18,Veg Manchurian,2023-11-16,08:41:15,delivered,1,277
3552,1,42,Chicken Thali,2024-01-05,17:05:45,preparing,1,187
3906,27,40,Vada Pav,2023-12-14,08:40:52,completed,1,312
6746,18,12,Fish Fry,2023-07-09,10:46:47,completed,2,402
6420,14,29,Naan,2023-12-14,15:13:37,completed,1,147
3499,10,29,Naan,2024-02-08,18:09:57,completed,1,155
7107,12,12,Aloo Paratha,2024-03-08,12:41:18,completed,1,220
4904,26,44,Chicken Momos,2023-10-05,09:09:04,completed,1,227
6314,26,7,Prawn Curry,2024-03-26,11:46:48,returned,1,402
7515,25,2,Fried Rice,2023-07-07,08:08:15,cancelled,1,226
7252,1,1,Veg Burger,2023-08-24,17:54:45,completed,1,354
7696,29,11,Puri Sabji,2023-12-17,22:09:15,completed,1,324
8275,8,2,Tomato Uttapam,2023-07-23,10:34:18,completed,2,445
1383,10,1,Naan,2023-07-13,14:27:24,completed,1,125
6413,25,44,Dahi Vada,2023-08-27,22:10:07,completed,2,556
2234,23,5,Veg Momos,2023-12-18,10:23:59,preparing,1,181
6672,10,12,Poha,2024-03-28,17:38:11,completed,1,211
2155,20,40,Tomato Uttapam,2023-11-24,18:56:06,completed,1,233
6284,17,46,Onion Uttapam,2023-08-09,07:55:59,delivered,1,139
5893,21,10,Dhokla,2024-02-14,22:52:04,completed,1,342
7312,18,10,Veg Pulao,2023-12-13,11:11:49,completed,1,201
2775,31,45,Upma,2023-12-18,11:51:41,preparing,1,247
7966,32,35,Chicken Roll,2024-03-09,14:24:05,completed,1,301
6369,15,45,Veg Pulao,2023-10-29,18:00:13,delivered,1,218
4295,31,9,Fried Rice,2023-07-31,18:23:54,in_process,1,163
2427,19,30,Chicken Tikka,2024-02-01,14:13:52,completed,1,354
6819,10,25,Prawn Curry,2023-07-14,20:23:03,cancelled,1,363
2932,31,39,Veg 65,2023-09-19,07:09:23,completed,1,166
3772,27,10,Grilled Sandwich,2023-10-02,22:47:08,cancelled,1,169
5135,31,27,Prawn Curry,2023-12-20,21:50:41,completed,1,373
8198,4,42,Masala Dosa,2023-09-27,23:10:00,completed,1,134
2205,17,37,Rajma Chawal,2023-12-04,14:27:59,completed,2,346
4865,25,9,Vegetable Sandwich,2023-10-17,19:39:03,completed,1,282
1904,5,45,Pongal,2024-03-01,17:41:41,completed,1,246
5377,24,42,Poha,2023-10-08,15:06:06,completed,1,168
4766,2,16,Vada Pav,2023-09-22,10:04:13,completed,1,258
7681,13,36,Aloo Paratha,2023-07-17,14:17:05,delivered,1,270
7525,31,3,Idli Sambhar,2023-12-09,09:19:00,delivered,1,190
578,13,21,Grilled Sandwich,2024-01-17,18:08:44,completed,1,225
5345,7,33,Onion Uttapam,2023-09-15,07:37:50,completed,1,125
7568,19,11,Chicken Tikka,2024-02-23,09:56:40,completed,1,366
8066,10,50,Chicken Korma,2023-09-21,23:33:46,completed,1,386
3162,22,29,Veg Burger,2023-09-06,17:18:23,completed,2,539
2364,25,16,Schezwan Rice,2023-08-08,11:36:40,delivered,1,129
5207,10,50,Veg 65,2023-12-06,09:31:06,completed,1,202
2389,11,5,Pav Bhaji,2024-01-03,18:05:04,completed,1,212
5391,31,17,Grilled Sandwich,2024-02-12,11:07:36,completed,1,167
7391,26,27,Chicken 65,2023-09-05,21:23:32,in_process,2,749
4532,6,44,Upma,2024-03-16,21:16:56,in_process,1,256
836,4,48,Veg Burger,2023-11-03,07:09:54,completed,1,329
9415,26,5,Naan,2024-01-15,21:42:05,completed,1,165
4676,30,7,Veg Pulao,2023-10-01,10:58:59,completed,1,198
6775,22,5,Egg Curry,2023-12-23,22:13:44,cancelled,1,154
3884,3,35,Chicken Tikka,2024-02-26,11:40:13,completed,1,415
6181,25,4,Onion Uttapam,2024-01-02,20:30:13,completed,1,218
6154,28,18,Fish Fry,2023-09-29,09:09:04,completed,1,266
9950,29,27,Veg Fried Rice,2023-10-18,15:11:53,completed,2,670
3801,22,49,Puri Sabji,2023-09-23,13:22:26,completed,1,344
4240,11,45,Poha,2023-12-29,19:52:00,completed,2,297
910,5,47,Gulab Jamun,2023-09-13,17:42:52,preparing,1,261
9512,21,1,Chicken Tikka,2024-02-20,11:31:55,completed,1,425
8944,27,17,Veg Fried Rice,2023-07-02,21:53:54,completed,1,372
518,7,3,Schezwan Rice,2023-10-05,20:44:34,cancelled,1,155
1617,23,14,Aloo Paratha,2023-07-08,18:52:23,completed,2,480
8739,8,45,Butter Chicken,2024-02-19,20:26:22,completed,1,267
248,22,8,Dal Tadka,2024-02-20,20:23:11,completed,1,296
8077,25,19,Chicken 65,2024-02-09,16:44:39,preparing,2,714
3932,6,7,Veg Pulao,2023-07-09,20:06:31,cancelled,1,216
1719,7,41,Kesari Bath,2024-03-14,08:42:18,in_process,1,303
8364,30,36,Dhokla,2023-08-28,13:54:30,delivered,1,308
733,27,42,Chicken Korma,2024-01-19,07:23:50,completed,1,372
8329,17,20,Ghee Roast,2024-01-29,14:00:57,preparing,1,113
8773,10,24,Ghee Roast,2024-03-22,17:21:10,delivered,3,400
4418,26,13,Veg Momos,2024-01-18,08:51:59,completed,1,257
382,25,47,Dal Tadka,2024-01-23,17:33:10,completed,1,257
113,8,41,Garlic Noodles,2024-01-17,15:53:35,completed,1,172
5344,6,2,Poha,2023-07-06,11:01:39,cancelled,2,282
4569,25,2,Vegetable Sandwich,2023-09-05,21:40:40,cancelled,1,270
7453,15,20,Aloo Paratha,2024-03-31,14:46:49,returned,1,231
558,4,18,Veg Pulao,2023-09-12,07:40:37,in_process,1,223
3323,8,7,Chicken Tikka,2023-11-22,15:57:11,completed,1,385
8084,14,26,Mutton Curry,2024-03-08,07:26:04,completed,1,261
444,27,25,Dahi Vada,2023-12-08,21:51:10,completed,1,272
484,3,8,Veg Thali,2023-12-25,22:39:38,completed,1,357
299,17,8,Aloo Paratha,2023-07-16,07:33:32,cancelled,1,244
7891,8,14,Chicken Biryani,2023-12-15,11:14:05,cancelled,2,510
5679,18,31,Aloo Paratha,2023-08-17,18:45:35,completed,1,261
961,28,33,Khaman,2023-10-07,15:11:12,completed,2,513
2459,26,7,Tandoori Momos,2023-12-07,12:50:13,delivered,1,296
4318,28,39,Vegetable Sandwich,2023-11-17,17:39:06,completed,1,259
7102,23,24,Pani Puri,2023-08-02,21:10:56,completed,1,323
8683,27,19,Chicken Momos,2024-03-28,18:25:01,completed,1,199
3297,12,23,Tandoori Chicken,2023-08-07,13:42:23,completed,1,238
171,1,21,Cold Coffee,2023-07-06,17:13:29,completed,1,190
2455,5,25,Vada Pav,2023-10-17,23:13:06,completed,1,304
2314,5,37,Pani Puri,2024-02-01,20:20:52,completed,1,311
3375,32,3,Pav Bhaji,2024-02-01,10:07:28,completed,1,228
1089,16,37,Chicken Biryani,2023-11-23,07:41:50,in_process,3,783
9506,19,9,Ghee Roast,2024-01-23,08:57:34,preparing,1,192
9288,2,5,Rava Idli,2023-08-18,20:46:19,completed,1,192
2589,6,36,Chicken Burger,2023-12-08,22:39:03,completed,1,295
6261,32,42,Fried Rice,2024-01-08,10:01:14,completed,1,159
8463,21,45,Prawn Curry,2024-02-09,14:10:05,completed,2,775
6065,1,45,Veg 65,2023-07-27,15:56:50,completed,1,203
5126,5,17,Veg Thali,2024-01-11,15:44:10,preparing,1,278
3833,9,21,Veg 65,2023-09-14,20:40:28,completed,1,195
1302,31,43,Butter Chicken,2023-11-21,17:49:46,completed,1,299
5226,19,46,Veg Pulao,2023-12-28,14:42:41,cancelled,1,156
1561,5,32,Idli Sambhar,2023-10-17,07:42:13,completed,1,202
1611,7,22,Schezwan Rice,2024-03-27,23:54:20,cancelled,1,186
9668,10,33,Mutton Curry,2023-09-05,14:58:23,completed,1,314
4762,13,50,Khaman,2023-10-05,09:17:27,completed,1,302
5082,7,10,Pongal,2023-08-24,10:15:01,preparing,1,243
4767,31,43,Veg Fried Rice,2024-02-17,18:16:07,preparing,1,353
3723,14,10,Khaman,2024-03-14,20:32:21,completed,1,241
3177,4,42,Dhokla,2024-02-02,13:18:12,completed,1,316
9470,32,34,Poha,2023-08-25,08:41:15,delivered,1,132
8999,3,37,Pav Bhaji,2023-10-31,09:34:06,completed,2,467
4724,26,26,Khaman,2023-08-21,14:46:52,in_process,1,255
3501,11,14,Chicken Thali,2023-11-25,16:46:00,completed,1,259
1829,31,48,Puri Sabji,2023-10-31,12:20:43,completed,1,302
7504,10,1,Gulab Jamun,2024-02-28,20:21:01,completed,1,176
6348,11,44,Grilled Sandwich,2023-07-05,18:30:37,completed,1,191
4778,8,3,Tomato Uttapam,2023-07-09,16:53:14,completed,1,204
5400,7,7,Puri Sabji,2023-12-19,21:31:47,completed,1,328
2123,32,17,Hyderabadi Biryani,2024-02-20,07:52:22,completed,1,432
762,31,8,Pav Bhaji,2024-03-22,07:09:26,in_process,1,197
5889,23,32,Chicken Biryani,2023-11-03,20:23:13,cancelled,1,276
5413,7,18,Dahi Vada,2024-04-04,21:56:33,completed,2,564
393,22,26,Tandoori Momos,2024-01-30,15:19:12,completed,1,282
8093,8,28,Veg Burger,2024-02-18,18:18:07,delivered,1,344
4939,10,30,Ice Cream,2023-09-15,23:18:39,completed,1,156
6594,19,5,Onion Uttapam,2023-11-28,07:29:02,completed,1,136
1842,4,32,Puri Sabji,2023-07-03,20:22:42,in_process,1,261
7362,23,19,Veg Burger,2024-03-14,11:05:45,completed,3,836
9203,28,38,Veg Pulao,2023-11-26,14:02:30,preparing,1,233
5859,25,28,Khaman,2023-08-20,15:58:19,completed,1,284
686,21,38,Veg Manchurian,2023-10-11,15:08:26,completed,1,273
1923,20,37,Appam Stew,2024-02-22,12:24:50,in_process,1,133
3630,29,45,Egg Curry,2024-03-14,18:29:22,completed,1,148
8500,30,2,Paneer Roll,2023-07-14,20:05:48,completed,2,534
627,16,38,Rajma Chawal,2024-01-08,11:39:34,preparing,2,286
4041,26,9,Khaman,2023-07-04,21:51:48,in_process,1,235
2101,6,4,Pav Bhaji,2023-08-24,17:38:06,in_process,1,267
2048,22,4,Fried Rice,2024-03-18,08:44:13,completed,1,209
2585,9,15,Pani Puri,2023-09-18,16:40:19,cancelled,2,578
9256,13,8,Chole Bhature,2023-07-01,11:38:56,completed,1,208
3951,7,31,Chicken Biryani,2024-03-15,21:25:03,preparing,1,289
8284,12,16,Ghee Roast,2024-04-05,15:52:39,completed,1,188
2420,8,28,Chicken Tikka,2023-07-12,12:09:52,cancelled,1,404
7955,13,31,Rava Idli,2023-11-26,16:42:06,delivered,1,226
8301,18,26,Dhokla,2023-08-24,21:26:52,completed,1,307
4706,8,37,Dhokla,2023-07-06,16:02:41,completed,1,305
5166,3,23,Veg Manchurian,2024-02-25,21:17:00,delivered,1,327
9462,14,23,Pani Puri,2024-03-25,19:32:04,completed,1,331
1690,22,30,Chicken Korma,2023-09-10,15:50:48,completed,2,604
6795,31,25,Rava Idli,2023-10-01,23:49:42,completed,1,182
716,23,38,Veg Momos,2024-01-23,09:02:01,in_process,1,188
8173,7,32,Ice Cream,2024-02-29,17:48:14,delivered,1,187
3398,16,7,Pani Puri,2023-09-28,19:48:26,preparing,1,280
8213,8,3,Chicken 65,2023-08-07,21:48:23,completed,1,363
2844,21,7,Cold Coffee,2024-02-16,19:08:40,completed,1,193
3950,32,29,Ice Cream,2023-11-24,14:12:47,completed,1,118
387,6,38,Chicken Biryani,2023-08-19,13:02:51,completed,1,327
7145,27,37,Chicken Roll,2023-08-06,17:11:43,cancelled,2,558
6743,32,13,Ghee Roast,2023-10-15,22:32:22,completed,2,257
2464,5,29,Poha,2024-01-09,09:36:05,completed,1,138
1605,8,32,Naan,2023-07-27,17:01:14,in_process,1,129
4126,25,46,Chicken Thali,2023-08-04,12:18:04,completed,1,236
4855,20,26,Veg Momos,2023-07-30,10:37:30,preparing,3,651
1697,2,3,Veg Thali,2024-02-01,15:12:21,preparing,1,289
3680,22,49,Gulab Jamun,2023-08-01,14:31:04,returned,1,245
4978,3,23,Chole Bhature,2024-01-30,09:56:35,completed,1,274
8226,3,7,Masala Dosa,2024-03-11,23:14:41,completed,1,176
462,15,2,Idli Sambhar,2023-07-14,13:34:38,in_process,1,234
5559,2,36,Rava Idli,2023-07-27,19:49:24,completed,1,195
4017,9,8,Kesari Bath,2023-08-30,18:22:12,completed,2,458
1056,15,6,Tandoori Momos,2023-07-06,14:26:47,cancelled,1,307
658,3,1,Veg 65,2023-11-05,08:04:03,completed,1,170
9774,21,23,Chicken Momos,2023-11-03,16:08:38,completed,1,229
9032,5,5,Fish Fry,2024-04-04,13:31:45,cancelled,1,203
3092,29,46,Puri Sabji,2024-01-04,16:55:41,completed,2,548
7581,7,4,Chicken Thali,2024-01-27,22:17:05,completed,1,236
1031,15,20,Vegetable Sandwich,2023-10-16,10:23:46,returned,1,217
9675,29,42,Grilled Sandwich,2024-02-18,10:01:31,in_process,1,206
4431,25,20,Tomato Uttapam,2023-08-13,08:17:54,completed,1,234
8092,25,29,Masala Dosa,2023-10-23,13:24:11,completed,1,160
4463,20,3,Chicken Roll,2023-12-26,07:58:38,cancelled,1,261
9149,14,49,Chicken Biryani,2023-12-22,20:55:27,returned,2,572
4681,4,7,Paneer Roll,2024-01-15,16:54:34,completed,1,279
4323,17,11,Dhokla,2024-02-25,14:08:58,completed,1,284
1815,6,16,Chicken Burger,2024-04-03,16:21:36,completed,1,283
1060,18,43,Fish Fry,2023-07-07,10:19:36,completed,1,197
5193,29,30,Chicken Biryani,2024-02-11,07:29:02,delivered,1,299
7922,14,27,Idli Sambhar,2023-08-10,15:57:39,completed,2,356
9754,12,17,Chicken Burger,2023-11-19,15:55:31,completed,1,255
2382,4,15,Fried Rice,2023-07-20,12:43:32,in_process,1,151
5003,15,4,Chicken Korma,2023-11-10,15:01:43,in_process,1,357
5331,3,39,Tandoori Chicken,2023-12-27,10:04:32,completed,1,253
9076,14,21,Garlic Noodles,2024-01-07,20:04:41,completed,1,164
8868,21,39,Veg Burger,2024-01-01,17:26:57,completed,1,294
8528,2,11,Hyderabadi Biryani,2023-07-23,16:59:09,preparing,1,443
3032,14,21,Rajma Chawal,2024-03-17,18:13:24,in_process,1,222
673,10,25,Grilled Sandwich,2023-08-10,09:59:14,completed,3,513
6259,27,35,Prawn Curry,2023-09-01,23:51:03,completed,1,420
8878,29,21,Pav Bhaji,2023-10-08,16:58:15,completed,1,225
3868,15,30,Egg Curry,2023-08-29,14:28:46,delivered,1,106
2885,23,36,Rajma Chawal,2023-08-09,18:41:30,completed,1,183
3498,15,37,Tomato Uttapam,2023-09-03,14:49:58,completed,1,203
2494,17,19,Veg Thali,2023-12-08,10:05:26,completed,3,902
3437,32,41,Dahi Vada,2023-10-10,12:56:29,completed,1,283
3358,31,48,Mutton Curry,2023-09-03,08:53:27,completed,1,244
6201,9,33,Veg 65,2024-03-28,19:57:27,completed,1,236
4876,16,46,Vada Pav,2023-08-30,17:57:52,preparing,1,297
7495,7,47,Masala Dosa,2023-08-07,18:28:58,completed,1,131
903,19,49,Rava Idli,2023-09-07,12:46:49,completed,1,206
6930,6,10,Pani Puri,2023-07-04,18:43:41,completed,1,270
8611,18,50,Mutton Curry,2023-10-27,16:31:21,completed,1,302
2598,28,19,Egg Curry,2024-01-13,17:48:11,delivered,1,190
2199,14,28,Veg Fried Rice,2023-11-20,17:06:22,completed,1,333
4985,32,29,Naan,2023-09-25,16:58:16,delivered,1,126
2027,18,10,Mutton Curry,2023-10-14,23:48:10,completed,2,559
164,13,1,Butter Chicken,2023-07-14,18:13:18,delivered,1,294
5957,29,34,Veg Manchurian,2024-02-18,16:58:07,cancelled,2,561
2566,29,28,Butter Chicken,2023-11-12,09:55:08,delivered,1,215
2111,23,6,Vegetable Sandwich,2023-10-22,09:20:10,completed,1,267
4374,5,46,Cold Coffee,2023-12-09,08:27:06,preparing,1,201
3030,13,36,Gulab Jamun,2023-07-19,07:15:08,completed,1,195
6742,13,17,Rava Idli,2023-09-16,22:52:11,cancelled,1,166
5362,6,34,Chicken 65,2023-10-18,07:27:04,completed,1,431
6663,12,3,Upma,2023-11-12,19:40:37,completed,1,244
9624,12,20,Ghee Roast,2023-10-27,16:42:31,completed,1,186
1811,23,35,Rava Idli,2023-11-29,10:14:07,delivered,2,399
6582,19,27,Kesari Bath,2023-12-14,14:42:27,completed,1,244
9088,8,23,Cold Coffee,2024-01-20,11:49:56,completed,1,223
3770,27,44,Tandoori Chicken,2023-07-15,16:17:32,completed,1,275
3820,4,36,Chicken Burger,2023-12-13,15:43:20,completed,1,291
5560,26,17,Idli Sambhar,2023-11-15,22:46:14,completed,1,179
2595,29,27,Naan,2023-09-24,13:49:40,completed,2,292
4429,22,9,Chicken Momos,2024-04-02,07:46:01,returned,1,235
4449,22,23,Chicken Burger,2023-08-02,08:33:13,completed,1,257
7907,26,46,Naan,2023-11-26,12:58:23,completed,1,190
6254,16,1,Masala Dosa,2023-07-11,23:06:32,completed,1,96
898,19,20,Chicken Biryani,2023-10-26,14:02:17,cancelled,1,276
3312,26,9,Tomato Uttapam,2023-11-16,09:04:04,completed,1,279
9157,27,2,Paneer Butter Masala,2024-04-03,11:06:47,completed,1,360
7683,20,21,Poha,2024-03-19,07:19:17,completed,1,209
9348,31,25,Vada Pav,2024-02-05,09:14:26,completed,1,308
3314,16,25,Chicken Biryani,2024-03-11,19:23:48,completed,1,256
4102,2,26,Chicken Burger,2023-10-27,21:23:30,completed,1,279
7616,10,41,Veg Pulao,2023-08-18,12:13:55,delivered,1,157
3192,10,26,Veg Momos,2024-02-28,23:46:53,completed,1,274
210,32,17,Upma,2023-12-07,17:53:09,completed,1,253
6800,27,1,Pav Bhaji,2023-10-16,22:34:31,completed,1,220
377,30,46,Rava Idli,2024-03-20,09:58:06,completed,1,157
2618,1,11,Veg Fried Rice,2023-09-01,12:12:28,in_process,1,352
4625,32,11,Appam Stew,2024-03-25,22:08:47,in_process,1,117
1749,19,8,Poha,2023-11-28,15:33:20,completed,1,209
2112,11,10,Vada Pav,2024-03-24,13:51:39,delivered,1,296
6416,17,31,Pongal,2023-10-16,17:59:47,cancelled,1,257
6691,11,34,Chicken Korma,2024-02-28,07:20:26,completed,1,288
9191,20,45,Aloo Paratha,2023-10-11,10:34:29,completed,1,257
1000,11,5,Chicken Thali,2023-10-24,18:40:00,preparing,1,224
7008,20,24,Veg Momos,2024-01-23,15:35:34,completed,1,251
5752,10,7,Prawn Curry,2023-10-19,15:11:16,completed,1,420
2779,25,22,Garlic Noodles,2023-11-19,22:13:10,completed,1,188
2823,6,40,Chicken Tikka,2023-09-12,12:30:55,completed,1,345
8505,9,33,Onion Uttapam,2024-02-11,20:42:30,completed,1,136
3014,16,36,Khaman,2024-01-10,19:45:30,completed,1,269
5243,6,39,Ghee Roast,2023-10-18,12:40:53,completed,1,165
5353,29,32,Cold Coffee,2023-11-06,10:35:57,completed,1,164
7895,24,30,Chicken Burger,2023-12-25,20:13:39,completed,3,775
8980,25,24,Dal Tadka,2023-07-06,13:28:23,completed,1,280
5341,22,7,Hyderabadi Biryani,2023-11-07,23:58:00,completed,1,401
4527,31,26,Masala Dosa,2023-11-07,15:40:03,delivered,1,167
6363,31,39,Appam Stew,2024-02-18,22:11:30,cancelled,1,185
8259,7,3,Hyderabadi Biryani,2023-07-15,11:45:47,completed,1,376
3500,27,8,Idli Sambhar,2024-02-13,08:20:06,in_process,1,164
1016,2,22,Ghee Roast,2023-12-10,12:57:37,cancelled,1,111
5703,26,27,Ghee Roast,2023-08-01,09:12:52,cancelled,1,144
1243,6,12,Kesari Bath,2023-07-23,15:38:12,completed,1,285
2062,1,20,Pav Bhaji,2023-12-27,10:21:29,completed,1,251
767,30,6,Fried Rice,2023-08-16,12:46:05,completed,1,148
2999,11,1,Schezwan Rice,2024-01-08,21:05:56,cancelled,1,215
6247,13,48,Grilled Sandwich,2023-09-06,16:03:24,cancelled,1,148
645,21,27,Naan,2023-10-05,15:56:12,completed,1,186
3937,29,17,Veg Pulao,2024-03-07,18:37:23,completed,1,204
6879,11,3,Ghee Roast,2024-01-14,11:34:36,completed,1,154
9677,19,14,Veg Thali,2024-03-14,15:05:32,cancelled,1,322
1122,17,3,Fried Rice,2024-03-21,12:30:08,completed,1,218
1396,25,43,Tandoori Momos,2023-07-18,17:44:06,completed,1,240
244,11,27,Rava Idli,2023-12-19,17:41:57,completed,2,341
2523,11,30,Chicken Roll,2023-10-04,07:28:51,completed,1,316
5410,28,47,Khaman,2024-02-28,14:16:46,completed,1,315
2907,26,20,Masala Dosa,2023-10-28,23:06:26,completed,1,149
7745,26,38,Chicken Biryani,2023-09-22,23:10:59,completed,1,317
8160,13,37,Grilled Sandwich,2023-09-10,11:42:21,returned,1,142
8406,20,50,Chicken Tikka,2023-12-25,21:25:10,completed,1,364
8375,12,20,Puri Sabji,2023-08-11,12:15:54,completed,1,275
4886,10,44,Paneer Roll,2024-01-08,07:30:10,completed,1,294
6634,26,45,Schezwan Rice,2024-02-27,19:53:29,cancelled,1,140
6104,25,9,Egg Curry,2023-09-07,19:49:20,preparing,1,189
2968,28,39,Khaman,2024-03-30,09:22:31,completed,2,481
6865,15,39,Dal Tadka,2023-10-29,18:23:21,completed,1,317
3765,26,5,Rasgulla,2023-10-26,11:31:12,completed,1,104
5916,22,25,Rasgulla,2023-10-01,20:09:18,completed,1,154
7880,3,17,Upma,2023-09-30,12:25:43,completed,1,187
788,23,44,Prawn Curry,2023-08-21,19:51:51,completed,1,427
8614,25,44,Pongal,2023-07-06,22:41:42,completed,1,278
9293,28,17,Vegetable Sandwich,2023-08-29,21:32:23,returned,1,255
2939,24,8,Veg Burger,2023-09-30,20:34:48,completed,1,276
2579,1,22,Chicken Korma,2023-11-10,13:32:52,completed,1,343
2010,4,30,Vada Pav,2023-07-21,10:55:31,completed,1,295
2434,24,17,Poha,2023-12-20,16:49:52,completed,1,163
8465,23,27,Chicken Biryani,2024-02-14,17:19:40,completed,1,321
4354,3,35,Vegetable Sandwich,2024-01-19,14:11:05,completed,1,205
5483,32,28,Pani Puri,2023-11-18,18:29:44,completed,2,609
8713,30,3,Chole Bhature,2023-12-15,18:02:09,completed,1,194
7407,25,33,Prawn Curry,2023-08-10,17:59:40,cancelled,1,356
4279,12,48,Fish Fry,2023-08-10,20:07:50,completed,1,213
9959,16,45,Onion Uttapam,2023-07-26,18:36:30,completed,2,297
1173,12,18,Rajma Chawal,2023-07-24,19:58:11,completed,1,182
489,14,2,Veg Burger,2024-01-29,11:17:17,completed,1,338
7272,21,7,Naan,2023-10-24,07:45:20,completed,1,190
8677,30,38,Upma,2023-12-16,19:30:59,completed,1,217
5375,23,29,Chicken Tikka,2024-02-22,22:13:34,completed,1,371
1139,26,3,Gulab Jamun,2023-08-10,22:35:22,completed,1,234
5591,24,20,Vada Pav,2023-12-09,21:43:29,completed,1,240
1106,23,37,Poha,2024-01-29,07:48:18,completed,1,156
512,25,35,Veg Manchurian,2024-01-10,10:06:25,completed,3,902
5364,19,12,Veg 65,2023-09-20,19:35:26,completed,1,241
5014,18,21,Chicken Burger,2024-01-02,10:42:56,completed,1,318
3693,21,33,Chicken Roll,2024-03-29,19:14:54,completed,1,264
3259,29,11,Veg 65,2023-09-29,19:18:00,completed,1,224
3665,12,44,Mutton Curry,2024-01-13,20:26:26,completed,1,263
1946,9,40,Veg Momos,2024-03-14,09:38:36,cancelled,2,413
554,16,11,Garlic Noodles,2024-02-27,09:23:01,cancelled,2,425
5326,25,36,Rajma Chawal,2023-10-07,12:29:23,cancelled,1,190
2835,13,21,Veg Manchurian,2023-11-28,09:57:01,completed,1,294
570,29,16,Veg Burger,2023-09-29,21:32:41,completed,1,299
8635,11,16,Pongal,2023-08-05,07:47:02,completed,1,306
8795,31,25,Chole Bhature,2024-01-30,15:56:45,completed,1,259
9516,2,29,Rava Idli,2023-07-31,16:51:25,in_process,1,146
8708,24,26,Chicken Korma,2024-03-18,21:27:50,completed,1,321
9175,8,47,Kadhai Paneer,2024-01-04,20:42:21,completed,1,203
6296,14,17,Mutton Curry,2023-12-16,09:29:57,cancelled,1,331
4109,17,22,Vada Pav,2024-02-13,17:50:28,completed,1,295
2655,3,49,Veg Manchurian,2023-09-14,23:18:01,completed,1,309
3101,19,20,Chicken Korma,2023-09-20,16:30:45,completed,1,383
6568,9,10,Chicken Momos,2023-11-27,19:16:40,completed,1,219
3266,20,10,Tandoori Momos,2023-07-07,15:23:46,completed,1,305
1163,26,31,Veg Momos,2023-09-26,18:41:09,completed,1,242
9707,24,25,Veg 65,2024-03-05,12:55:33,completed,1,213
9275,1,43,Chole Bhature,2023-12-23,14:19:13,completed,1,281
618,8,42,Aloo Paratha,2023-12-30,22:29:36,preparing,2,511
5429,15,48,Aloo Paratha,2024-01-03,08:25:40,completed,1,206
7603,18,36,Chicken Roll,2024-04-01,09:51:03,completed,1,259
849,17,48,Dal Tadka,2023-11-03,14:44:45,completed,1,318
1743,18,36,Pav Bhaji,2023-08-16,13:46:53,preparing,2,394
1682,20,4,Schezwan Rice,2023-10-25,14:37:48,completed,1,196
3179,4,21,Veg Burger,2023-08-07,13:30:07,completed,1,269
6096,14,39,Butter Chicken,2023-12-01,07:37:27,in_process,1,257
3148,13,38,Onion Uttapam,2024-02-19,07:16:48,completed,1,201
5775,12,22,Rajma Chawal,2024-03-04,23:18:41,completed,1,161
3908,22,18,Ice Cream,2024-03-14,16:40:28,completed,1,117
9412,32,1,Egg Curry,2024-03-17,22:31:10,completed,1,182
2193,20,7,Veg 65,2024-02-12,17:40:43,completed,1,264
3741,7,49,Naan,2023-10-18,16:32:19,completed,1,110
1638,20,40,Schezwan Rice,2023-09-18,17:10:12,cancelled,1,148
2544,11,21,Veg Fried Rice,2024-02-28,20:49:46,completed,2,676
3787,20,24,Chicken Tikka,2023-12-04,17:46:22,in_process,1,378
2404,28,37,Khaman,2024-01-30,07:48:25,completed,1,311
5288,9,30,Chicken Burger,2023-11-18,07:52:45,completed,1,269
7560,19,24,Chicken Biryani,2023-12-12,20:50:24,completed,1,253
2547,14,40,Rajma Chawal,2024-02-11,15:06:04,completed,1,191
3345,31,3,Chicken Burger,2024-01-16,22:15:17,delivered,1,244
6255,7,4,Appam Stew,2023-12-23,15:34:23,completed,1,176
2067,9,48,Chole Bhature,2023-12-14,20:52:09,in_process,1,255
3989,13,36,Veg Pulao,2024-02-10,14:20:36,completed,1,218
1594,19,45,Chicken Biryani,2023-09-10,09:55:50,completed,1,274
1871,29,48,Dahi Vada,2023-10-18,12:20:29,completed,1,275
5111,17,17,Chicken Momos,2023-07-12,11:07:41,completed,1,207
6929,4,34,Idli Sambhar,2024-03-19,18:01:36,completed,1,204
4257,21,35,Butter Chicken,2023-11-22,17:40:04,cancelled,1,272
8555,8,35,Kadhai Paneer,2024-03-19,09:36:59,completed,1,166
6683,5,50,Ice Cream,2024-02-06,15:29:28,preparing,3,341
5217,22,5,Dal Tadka,2023-12-21,21:33:49,completed,1,296
3885,2,26,Garlic Noodles,2023-11-28,07:39:53,completed,1,202
628,28,10,Fish Fry,2023-10-23,17:34:29,completed,1,248
7174,23,46,Veg 65,2023-09-17,13:49:09,completed,1,168
7843,3,50,Veg Manchurian,2024-04-02,18:04:20,in_process,2,630
8310,14,13,Puri Sabji,2023-09-22,20:17:14,preparing,1,289
7874,2,9,Dahi Vada,2024-02-11,10:53:24,completed,1,344
9300,14,25,Idli Sambhar,2024-02-14,21:25:12,completed,1,155
7468,6,12,Rajma Chawal,2024-03-21,10:10:48,completed,2,374
5093,23,48,Egg Curry,2024-01-29,13:13:05,returned,1,128
1531,8,30,Chicken Biryani,2023-07-04,19:51:26,completed,1,273
1651,24,20,Ghee Roast,2023-08-03,20:54:41,completed,3,380
676,25,31,Chicken Biryani,2023-11-18,17:02:09,in_process,1,229
9992,9,34,Chicken Tikka,2023-09-10,22:48:02,completed,1,433
7576,19,24,Veg Momos,2024-01-29,12:26:11,completed,1,195
3313,12,24,Dahi Vada,2023-08-26,12:01:31,completed,1,297
9114,17,40,Egg Curry,2023-07-15,07:21:01,preparing,1,114
8208,27,3,Chicken Roll,2024-01-10,23:10:10,completed,1,256
1145,6,27,Chole Bhature,2023-08-27,22:29:26,in_process,1,199
133,1,20,Rava Idli,2024-02-26,15:08:20,completed,1,219
867,7,31,Butter Chicken,2023-10-09,11:14:32,completed,2,450
4816,6,48,Mutton Curry,2024-01-23,16:56:39,completed,1,258
3621,20,22,Chicken Korma,2024-02-22,23:33:36,delivered,1,304
5719,21,28,Hyderabadi Biryani,2023-09-13,08:47:57,returned,1,391
3768,12,1,Chicken Tikka,2023-07-18,14:10:25,completed,1,400
2750,23,13,Appam Stew,2024-01-24,21:13:29,completed,1,131
8454,18,42,Chicken Burger,2024-03-20,17:21:57,completed,1,299
3257,30,43,Mutton Curry,2023-12-23,23:16:04,returned,1,238
3119,9,7,Naan,2024-02-20,10:07:35,cancelled,1,141
3206,20,29,Poha,2023-08-12,23:11:25,in_process,2,337
9524,13,10,Ghee Roast,2023-10-22,07:12:46,cancelled,1,209
3647,10,37,Veg 65,2024-03-28,23:03:51,completed,1,253
